Name,Price,Original Price,Rating,Reviews,Skin Concern,Skin Type,Active Ingredients,Primary Benefits,Product Type,Country of Origin,Primary Concerns,Benefits,Speciality,Product Format,Hair Concern,Hair Type,extracted_brand,parent_company
DERMDOC by Purplle 2% Kojic Acid Glow Fusion Formula Night Cream with Niacinamide & Alpha Arbutin for Skin Brightening (50 gm) | Skin Brightening Face Cream I Night Cream I Kojic Acid Brightening Cream I Glowing Skin,â¹298,â¹350,4.1,20768,Uneven Skin Tone,All Skin Types,Kojic Acid,"Absorbs Quickly, Glowing Skin, Light Weight, Lightens Dark Spots Over Time, Non-Greasy",Night Cream,India,,,,,,,Dermdoc,Titan Company Limited
DERMDOC by Purplle 10% Niacinamide Face Serum (15 ml) | Skin Brightening | Niacinamide Face Serum I Niacinamide for Oily Skin,â¹242,â¹285,4.3,16905,,,Niacinamide,"Absorbs Quickly, Improves Complexion Over Time, Light Weight, Minimizes Pores Over Time, Non-Greasy",Face Serum,India,,,,,,,Dermdoc,Titan Company Limited
"Good Vibes De-Tan Glow Night Cream Ubtan with Power of Serum | Tan free, Brightening, Pigmentation, Skin renewing, Sleep treatment (50 g)",â¹247,â¹290,4.2,16482,,,Ubtan,"Cell Repair, Hydrates Skin, Nourishing & Hydrating, Skin Brightening",Night Cream,India,De-Tan,,,,,,Good Vibes,Purplle.com
Ponds Super Light Gel | Oil-Free Moisturizer with Hyaluronic Acid & Vitamin E | Hydrates Skin |Non Sticky| 100 ml,â¹170,â¹284,4.5,16855,"Dull skin, Glowing Skin","All Skin Types, Dull Skin",Glycerin,,Face Moisturizer,India,,"Dull Skin, Glowing Skin",,,,,Pond's,Unilever
NY Bae PRO Strobe Cream - Pink Topaz (12 gm) | Primer + Highlighter + Moisturizer | Dewy Makeup | Glowing Korean Skin | Best Suited For Normal To Dry Skin,â¹199,â¹269,4,15327,,,,,Strobe Cream,India,,,,,,,Ny Bae,Nykaa
Ponds Bright Beauty Anti-Spot Serum Cream with Niacinamide and SPF 15 PA++ |Fades Dark Spots |Boosts Glow and Enhances Skin Radiance | 35 gm,â¹87,â¹159,4.4,2821,,All Skin Types,Vitamin E,,Face Cream,India,,,,,,,Pond's,Unilever
"Good Vibes Rosehip Radiant Glow Face Serum | Light, Non-Sticky, Brightening | With Vitamin E | No Parabens, No Sulphates, No Animal Testing (10 ml)",â¹156,â¹240,4.3,64751,,"Dry Skin, Normal Skin",Rosehip,"Non-Sticky, Reduces Pigmentation, Skin Brightening",Face Serum,India,"Skin Dryness, Uneven Skin Tone",,,,,,Good Vibes,Purplle.com
"Good Vibes Ubtan De-tan Glow Light Day Cream with Power of Serum | Oil free, Tan free, Depigmentation (50 gm)",â¹217,â¹275,4.2,11643,,,Ubtan,Glowing Skin,Day Cream,India,"Dullness, Pigmentation, Skin Dryness, Tanned Skin",,,,,,Good Vibes,Purplle.com
DERMDOC 2% Salicylic Acid Face Serum (15 ml) | For Blackheads & Whiteheads | Targets Active Acne | Calms Irritation & Unclogs Pores,â¹199,â¹285,4.2,4195,"Acne Prone Skin, Blackheads, Whiteheads",All Skin Types,Salicylic acid,"Blackheads Reduction, Oil Control, Treats Acne Over Time",Face Serum,India,,,,,,,Dermdoc,Titan Company Limited
"The Derma Co 2% Kojic Acid Face Serum I With 1% Alpha Arbutin & Niacinamide | Reduces Dark Spots, Pigmentation & Blemishes | For All Skin types | 30 ml",â¹399,â¹499,4,3213,"Dark Spots, Reduces Pigmentation",All Skin Types,,,Face Serum,India,,,,,,,The Derma Co,The Derma Co.
Lakme Peach Milk Vit-E creme Moisture-Riser |Enriched With Vitamin E |Iimproves Skin Texture |100 gm,â¹170,â¹284,4.5,4980,Lack Of Moisture,All Skin Types,Peach Milk,,Face Moisturizer,India,,Retains Moisture,,,,,Lakme,Hindustan Unilever
Minimalist Vitamin B5 10% Moisturize - 30gm,â¹190,â¹200,4.2,1065,Lack Of Moisture,All Skin Types,Vitamin B5,,Face Moisturizer,India,,Retains Moisture,,,,,Minimalist,Minimalist
"Dot & Key Ceramides & Hyaluronic Skin Barrier Repair + Face Cream with Probiotics & Rice Water | Fragrance Free Face Moisturizer for Dry & Sensitive Skin, 100g",â¹340,â¹395,4.4,1782,"Dry Skin, Skin Texture",Dry Skin,,,Face Cream,India,,,,,,,Dot & Key,Dot & Key
"Good Vibes Vitamin C & B3 Skin Glow Face Serum | Free 50% Product Extra| With Orange | Easy Absorption | No Parabens, No Silicones, No Sulphates, No Animal Testing (15 ml)",â¹185,â¹250,4.1,21356,,,Vitamin C,,Face Serum,India,,,,,,,Good Vibes,Purplle.com
Lakme Perfect Radiance Brightening Day Cream | With Niacinamide | Boosts Glow and Brightens Skin | 50 gm,â¹206,â¹375,4.3,2842,,All Skin Types,,,Day Cream,India,,,,,,,Lakme,Hindustan Unilever
"Dot & Key Vitamin C + E Sorbet Super Bright Moisturizer for Face | Vitamin C Face Cream For Glowing Skin | Fades Pigmentation & Dark Spots, Reduces Skin Dullness | Oil Free & Lightweight | For All Skin Types | 60 ml",â¹426,â¹495,4.3,3431,"Fine Lines, Wrinkles",All Skin Types,Vitamin C,,Face Moisturizer,India,,Skin Brightening,,,,,Dot & Key,Dot & Key
"DERMDOC 10% Vitamin C Face Serum for Glowing Skin (12 ml) | Brightening Face Serum | Fight Dark Spots, Pigmentation & Dull Skin",â¹191,â¹225,4.1,260,,All Skin Types,Vitamin C,"Hydrating, Moisturizing, Skin Calming",Face Serum,India,"Dark Spots, Uneven Skin Tone",,,,,,Dermdoc,Titan Company Limited
"Plum 10% Niacinamide Face Serum with Rice Water for Blemish-Free, Clear & Bright Skin (15 ml)",â¹304,â¹349,4.3,2491,"blemishes, Skin Inflammation",All Skin Types,Niacinamide,,Face Serum,India,,,,,,,Plum,Plum Goodness
The Derma Co. 2% Salicylic Acid Face Serum with Witch Hazel & Willow Bark For Active Acne 8 ml,â¹168,â¹210,4.1,3328,"Acne, Pores",All Skin Types,,,Skin Care Kit,India,,,,,,,The Derma Co,The Derma Co.
DERMDOC by Purplle Hydrolyzed Collagen Skin Tightening Face Gel (50 gm) | Face Gel Moisturizer | Face Gel for Oily Skin | Face Gel for Glowing Skin | Anti-Aging & Skin Firming | Collagen for Face | Improves Skin Elasticity,â¹163,â¹250,4.2,1633,,,,"Absorbs Quickly, Boosts Collagen, Light Weight, Non-Greasy, Skin Firming",Face Gel,India,,,,,,,Dermdoc,Titan Company Limited
Ponds Light Moisturiser Non-Oily Fresh Feel With Vitamin E + Glycerine | 100 ml,â¹141,â¹235,4.4,4335,Dull skin,,Vitamin C,,Face Moisturizer,India,,,,,,,Pond's,Unilever
"Good Vibes Insta Glow Light Moisturiser - Ubtan | Oil free, Tan free, Depigmentation (50 gm)",â¹181,â¹229,4.2,1549,"Ageing Skin, Damaged Skin, Dull skin",All Skin Types,Ubtan,"De-Tan, Glowing Skin, Improves Skin Texture, Light Weight, Skin Lightening",Face Moisturizer,India,,,Paraben Free,,,,Good Vibes,Purplle.com
Alps Goodness Aloe Vera Gel infused with Rose Water 300 ml I Natural Moisturizer I For Soft Skin I Soothing & Refreshing I For All Skin & Hair Types I Leave-In Conditioner,â¹209,â¹299,4.1,2075,,,"Aloe Vera, Rose Water","Absorbs Quickly, Hydrates Skin, Improves skin tone, Refreshing Fragrance, Skin Softening",Face Gel,India,,,,,,,Alps Goodness,Alps Cosmetics
DERMDOC by Purplle 4% Niacinamide Face Cream (50 gm),â¹263,â¹350,4.3,1205,,,,,Face Cream,India,,,,,,,Dermdoc,Titan Company Limited
Ponds Bright Beauty Gluta Niacinamide Complex Serum | Anti-Pigmentation Serum with 12% Gluta-Niacinamide Complex for Flawless Radiance| 14 ml,â¹173,â¹270,4.3,1965,"Dark Spots, Reduces Pigmentation",All Skin Types,,,Face Serum,India,,,,Pump Bottle,,,Pond's,Unilever
The Derma Co. 10% Vitamin C Face Serum with 5% Niacinamide & Hyaluronic Acid For Skin Radiance - 30 ml,â¹518,â¹649,3.9,1608,,All Skin Types,,,Face Serum,India,,,,,,,The Derma Co,The Derma Co.
"Minimalist Vitamin C 10% Face Serum for For Brighter, Glowing & Healthy Looking Skin which also reduce Sun Damage, 10 ml",â¹299,,4.1,1182,Dull skin,,,,Face Serum,India,,,,,,,Minimalist,Minimalist
"Garnier Skin Naturals Bright Complete Vitamin C Serum UV Cream, Vitamin C Day Cream for Sun Protection and Skin Brightening - Suitable For all Skin Types, 45 gm",â¹164,â¹219,4.2,5258,,All Skin Types,Vitamin C,,Face Moisturizer,India,,,,,,,Garnier,L'Oréal
NY Bae PRO Strobe Cream - Pink Topaz (30 gm) | Primer + Highlighter + Moisturizer | Dewy Makeup | Glowing Korean Skin | Value Pack | Best Suited For Normal To Dry Skin,â¹299,â¹399,4,15326,,,,,Strobe Cream,India,,,,,,,Ny Bae,Nykaa
"DERMDOC 2% Kojic Acid Face Serum (15 ml) | Brightening & Anti-Pigmentation | Fades Dark Spots, Evens Skin Tone & Enhances Glow",â¹217,â¹275,4.1,1325,Uneven Skin Tone,All Skin Types,Kojic Acid,"Absorbs Quickly, Brightens Complexion, Glowing Skin, Light Weight, Non-Greasy",Face Serum,India,,,,,,,Dermdoc,Titan Company Limited
Cetaphil Daily Advance Ultra Hydrating Lotion (30 gm),â¹243,â¹279,4.2,1673,"Dry & Sensitive Skin, Dull skin",Dull Skin,Shea Butter,,Face Lotion,India,,"Dull Skin, Hydrates Skin",,,,,Cetaphil,Galderma
"Good Vibes Rice Brightening Gel Creme | Glass skin, Korean skin, Rice water (50 gm)",â¹199,â¹300,4.3,2226,,,Rice,"Glowing Skin, Nourishes Skin",Face Gel Cream,India,"Dull skin, Pigmentation",,,,,,Good Vibes,Purplle.com
"Minimalist Niacinamide 10% with Matmarine + Zinc + Acetyl Glucosamine Regulates Sebum & Evens Tone, 10 ml",â¹249,,4.3,1605,,All Skin Types,,,Face Serum,India,,,,,,,Minimalist,Minimalist
Biotique Morning Nectar Nourish & Hydrate Moisturizer (120 ml),â¹169,â¹220,4.4,11843,"Dehydrated Skin, Tired Skin","Acne Prone Skin, Oily Skin","Aloe Vera, fenugreek seeds",,Face Moisturizer,India,,"Moisturizing, Prevents Ageing, reduces dryness",,,,,Biotique,Biotique
Dr. Sheth's Ceramide & Vitamin C Oil-Free Moisturizer - 50 gm,â¹261,â¹349,4.2,1505,Dull skin,,,,Face Moisturizer,India,,,,,,,Dr. Sheth's,Dr. Sheth's
Cetaphil Moisturising Cream (80 gm),â¹554,â¹629,4.4,3252,Dull skin,,,,Face Moisturizer,India,,,,,,,Cetaphil ,Galderma
"Garnier Skin Naturals, Bright Complete 30X Vitamin C Booster Face Serum, Increases Skin's Glow Instantly and Reduces Spots Overtime, with 2% Niacinamide + 0.5% Salicylic Acid, for Men & Women, 15 ml",â¹269,â¹299,4.2,3580,,All Skin Types,Lemon,,Face Serum,India,,,,,,,Garnier,L'Oréal
Good Vibes Rosehip Hydrating Glow Face Cream with Power of Serum | Deep Nourishing & Brightening (50 gm),â¹199,â¹270,4.2,10769,,,Rosehip,"Glowing Skin, Hydrates Skin, Improves skin tone, Light Weight",Face Cream,India,Dryness,,,,,,Good Vibes,Purplle.com
DERMDOC 0.1% Retinol Face Serum (15 ml) | Anti-Aging Face Serum | For Fine Lines & Wrinkle Reduction | Suitable for All Skin Types,â¹199,â¹275,4.1,1689,,All Skin Types,Retinol,"Absorbs Quickly, Improves Skin Texture Over Time, Light Weight, Non-Greasy, Repairs Skin",Face Serum,India,,,,,,,Dermdoc,Titan Company Limited
"Lotus Herbals Whiteglow Skin Whitening & Brightening Gel Cream SPF 25 Pa +++, 40 gm",â¹240,â¹320,4.3,6905,Dull skin,,,,Face Gel Cream,India,,,,,,,Lotus Herbals,Lotus Herbals
"Dot & Key CICA Niacinamide Oil-Free Moisturizer with Ceramides & Oatmeal | Suitable for Oily, Acne & Sensitive Skin | 50 gm",â¹324,â¹395,4.3,885,"Dark Spots, Dull skin, Excess Oil",,Cica Extract,,Face Moisturizer,India,,,,,,,Dot & Key,Dot & Key
"LOréal Paris Glycolic Bright 8% [Melasyl + Glycolic + Niacinamide] face serum for Dark Spot & Brightening, 30 ml",â¹487,â¹749,4.2,2256,"Dark Spots, Reduces Pigmentation",All Skin Types,,,Face Serum,India,,,,,,,LOréal Paris,
"Good Vibes Aloe Vera Nourishing Multipurpose Gel |Anti-Acne, Ageing | With Neem | No Parabens, No Sulphates, No Mineral Oil, No Animal Testing (100 gm)",â¹176,â¹270,4.4,12920,,,Aloe Vera,"Light Weight, Multipurpose Usage, Nourishing, Skin Lightening, Skin Soothing",Face Gel,India,,,,,,,Good Vibes,Purplle.com
"Good Vibes Anti-Blemish Vitamin C Glow Night Cream | Spotless, Brightening, Depigmentation, Reduces dark spot, Skin renewing, Sleep treatment (50 gm)",â¹221,â¹280,4.1,1220,,,Vitamin C,"Cell Repair, Glowing Skin, Light Weight, Non-Sticky, Nourishing & Hydrating",Night Cream,India,,,,,,,Good Vibes,Purplle.com
"Minimalist Salicylic Acid 2% Face Serum for Oil Controled & Acne free skin , 10 ml",â¹249,,4.3,1239,,All Skin Types,,,Face Serum,India,,,,,,,Minimalist,Minimalist
"Foxtale Super Glow Moisturizer With Nano Vitamin C, Niacinamide, Encapsulated Peptides - Visibly Bright Skin from 1st Use, Goes 2X Deeper into the Skin, For All Skin Types, Men & Women - 50ml",â¹356,â¹445,4.2,404,,All Skin Types,,,Face Moisturizer,India,,,,,,,Foxtale ,Foxtale
Lakme Peach Milk Moisturizer SPF 24 PA Sunscreen Lotion 60 ml,â¹142,â¹149,4.4,1874,Dull skin,,,,Face Moisturizer,India,,,,,,,Lakme,Hindustan Unilever
"Good Vibes Saffron Nourishing Day Cream | Hydrating, Glow | With Coffee | No Parabens, No Sulphates, No Mineral Oil, No Animal Testing (50 gm)",â¹192,â¹270,4.1,11974,,,"Coffee, Saffron","De-Tan, Glowing Skin, Hydrates Skin, Light Weight, Nourishing",Day Cream,India,,,,,,,Good Vibes,Purplle.com
Mamaearth Rice Oil-Free Face Moisturizer With Rice Water & Niacinamide for Glass Skin - 80 gm,â¹254,â¹319,4.3,1163,Dull skin,,,,Face Moisturizer,India,,,,,,,Mamaearth,Honasa Consumer
"Minimalist Alpha Arbutin Face Serum with Hyaluronic Acid 2% to Remove Pigmentation, Acne Marks & Dark Spots & Evens Skin Tone, 10 ml",â¹249,,4.2,1286,"Dark Spots, Reduces Pigmentation",All Skin Types,,,Face Serum,India,,,,,,,Minimalist,Minimalist
"Dot & Key 10% Vitamin C+E, 5% Niacinamide Face Serum For Glowing Skin, Fights Pigmentation Dark Spot, 20 ml",â¹439,â¹499,4.1,1172,"Dark Spots, Glowing Skin",All Skin Types,,,Face Serum,India,,,,,,,Dot & Key,Dot & Key
Foxtale Nourishing Face Moisturizer with Niacinamide for 24 Hr Hydration - 50 ml,â¹217,â¹249,4.2,447,"Dull skin, Lack Of Moisture, Nourishing",,,,Face Moisturizer,India,,,,,,,Foxtale,Foxtale
"Plum Green Tea Renewed Clarity Night Gel Mini | Hydrates Skin & Fights Acne | Lightweight, Quick-Absorbing, Non-Sticky Gel Texture | With Willow Bark & Salicylic Acid | Oily, Acne-Prone Skin | 100% Vegan - 15 ml",â¹170,â¹195,4.3,3662,,"Acne Prone Skin, Combination Skin, Oily Skin","Glycolic Acid, Green Tea, Willow Bark","Anti-Acne, Moisturizing",Night Gel,India,"Acne, Clogged Pores",,,,,,Plum,Plum Goodness
Ponds Bright Beauty 12% Vit C+E+A Serum 14 ml,â¹173,â¹299,4.5,406,,All Skin Types,,,Face Serum,India,,,,,,,Pond's,Unilever
"LOréal Paris Revitalift Serum, Hydrating and Plumping, Fast Efficacy Formula, Replumps Skin in 1H, Reduces Fine Lines, With 1.5% Micro-Epidermic Hyaluronic Acid, Validated by Dermatologists, 15ml",â¹370,â¹529,4.3,2726,,All Skin Types,,,Face Serum,PRC,,,,,,,LOréal Paris,
"NIVEA SOFT Light cream with Vitamin E & Jojoba oil for Non-sticky- Fresh, Soft & Hydrated skin (100 ml)",â¹198,â¹220,4.4,4519,Dull skin,,,,Face Moisturizer,India,,,,,,,Nivea ,Beiersdorf
The Derma Co. 10% Niacinamide Serum with Zinc For Acne Marks- 30 ml,â¹478,â¹599,4.1,1827,,All Skin Types,,,Face Serum,India,,,,,,,The Derma Co,The Derma Co.
Plum 15% Vitamin C Face Serum with Mandarin (20 ml) for Glowing Skin with Pure Ethyl Ascorbic Acid,â¹479,â¹550,4.3,2345,"Reduces Pigmentation, Wrinkles",All Skin Types,,,Face Serum,India,,,,,,,Plum,Plum Goodness
Lakme Vit C Brilliance Serum | Brightens Skin & Enhances Glow | 15 ml,â¹224,â¹325,4.3,1695,,All Skin Types,Vitamin C,,Face Serum,India,,,,,,,Lakme,Hindustan Unilever
"Good Vibes Vitamin C & E Age Defying Face Serum | Free 50% Product Extra | Fast Absorption | With Orange | No Parabens, No Silicones, No Sulphates, No Animal Testing (15 ml)",â¹198,â¹250,4.2,10015,,,Vitamin E,,Face Serum,India,,,,,,,Good Vibes,Purplle.com
Plum thinkDERMA 2% Niacinamide & Rice Water Clear Moisture Gel Cream |A Fades Blemishes & 100% VeganA | 50 gm,â¹457,â¹525,4.3,526,"Dull skin, Signs Of Ageing, Skin Texture",,,,Face Gel Cream,India,,,,,,,Plum,Plum Goodness
Dr. Sheth's Kesar & Kojic Acid Oil-Free Moisturizer-50 gm,â¹286,â¹349,4.3,174,Dull skin,,,,Face Moisturizer,India,,,,,,,Dr. Sheth's,Dr. Sheth's
Aqualogica Glow+ Hydra Gel Moisturizer with Vitamin C & Papaya - 200 gm 24-Hour Intense Hydration | Weightless Water-Like Gel Texture | Non Sticky & Quick Absrobing for Glowing Skin I For Normal to Combination Skin I Men & Women,â¹409,â¹499,4.3,888,Lack Of Moisture,All Skin Types,Papaya,,Skin Care Kit,India,,Retains Moisture,,,,,Aqualogica,Honasa Consumer
Deconstruct Vitamin C Serum- 10% Vitamin C + 0.5% Ferulic Acid (30 ml),â¹639,â¹799,4.1,247,"Dark Spots, Pigmentation, Skin Redness",All Skin Types,"Ferulic Acid, Vitamin C",,Face Serum,India,,"Reduces Dark Spots, Reduces Pigmentation, Reduces Redness",,,,,Deconstruct ,MyGlamm
Mamaearth Vitamin C Daily Glow Face Cream With Vitamin C & Turmeric for Skin Illumination - 80 gm,â¹214,â¹249,4.1,3470,Dull skin,,,,Skin Care Kit,India,,,,,,,Mamaearth,Honasa Consumer
Mamaearth Vitamin C Daily Glow Face Serum with Vitamin C & Turmeric For Radiant Skin -8 ml,â¹168,â¹210,4.2,1012,,All Skin Types,,,Face Serum,India,,,,,,,Mamaearth ,Honasa Consumer
Mamaearth Beetroot Hydraful Essence Serum - For Hydrated Pink Glow with Beetroot & 1% Hyaluronic Acid Complex Face Serum | Upto 92% Instant Hydration* | For Daily Smooth & Plumping Skin - 50 ml,â¹349,â¹499,4.4,443,,All Skin Types,,,Face Wash,India,,,,,,,Plum,Plum Goodness
Dot & Key 72HR Hydrating Gel + Probiotics Face Moisturizer with Hyaluronic & Japanese Rice Water | Oil Free Lightweight Gel Moisturizer for Oily & Combination Skin I 60ml,â¹426,â¹495,4.5,802,"Dark Spots, Dull skin, Inflamed Skin",,,,Face Gel Moisturizer,India,,,,,,,Dot & Key,Dot & Key
Lotus Professional PhytoRx Whitening & Brightening Cream | SPF 25 | PA+++ | All skin types Preservative Free | 50 gm,â¹612,â¹785,4.4,1922,,,Amla,,Face Cream,India,,,,,,,Lotus Professional,Lotus Herbals
"Alps Goodness 100% Pure Cold Pressed Castor Oil (100 ml) | 100% Natural Arandee oil| No Parabens, No Sulphates, No Mineral Oil | For Hair & Skin",â¹159,â¹199,4.4,543,,,Castor Oil,"Hair Growth, Hair Repair, Hydrates Skin, Skin Softening",Castor Oil,India,Dehydrated Hair,,,,,,Alps Goodness,Alps Cosmetics
"Cetaphil Moisturising Lotion Normal to Combination, Sensitive Skin (100 ml)",â¹506,â¹575,4.3,1732,Dull skin,,,,Face Moisturizer,India,,,,,,,Cetaphil ,Galderma
"LOréal Paris Glycolic Bright Day Cream with SPF 17, 50 ml |Skin Brightening & Visibly Minimizes Spots For Even Glowing Skin",â¹474,â¹729,4.2,780,"Dull skin, Uneven Skin Tone",All Skin Types,,,Day Cream,India,,,,,,,LOréal Paris,
"Good Vibes Anti-Blemish Glow Vitamin C Face Serum | Free 50% Product Extra | Brightens skin, Light, Non- Sticky |15 ml",â¹185,â¹250,4.2,8212,"Dark Spots, Dull skin, Signs Of Ageing",All Skin Types,Vitamin C,"Blemish Control, Cell Repair, Hydrates Skin, Skin Firming, Skin Tightening",Face Serum,India,,,,,,,Good Vibes,Purplle.com
Pilgrim 10% Vitamin C Face Serum For Daily Brightness (30 Ml),â¹447,â¹545,4.4,91,,All Skin Types,,,Face Serum,India,,,,,,,Pilgrim,Pilgrim
Foxtale 12% Niacinamide Serum with Azelaic Acid for Oil Control & Brightening-30 ml,â¹548,â¹645,3.9,72,"Acne, Blackheads",All Skin Types,,,Face Serum,India,,,,,,,Foxtale,Foxtale
Lakme Perfect Radiance Serum | With Niacinamide | Boosts Glow and Brightens Skin |15 ml,â¹241,â¹325,4.3,432,,All Skin Types,Niacinamide,,Face Serum,India,,,,,,,Lakme,Hindustan Unilever
"Ponds Youthful Miracle Hexyl Retinol Complex, Renew & Repair Day Cream 50 gm SPF 15 PA++",â¹467,â¹899,4.5,460,,All Skin Types,Vitamin B3,,Day Cream,India,,,,,,,Pond's,Unilever
"Alps Goodness 100% Pure Glycerine (100 ml) | Super Hydrating - Best For Dry Skin | Vegan | For Both Hair & Skin | Silicon-Free, Paraben Free",â¹129,â¹199,4.5,420,Dry Skin,All Skin Types,Glycerin,"Absorbs Quickly, Hydrates Skin, Reduces Puffiness, Skin Softening, Softens Hair",Carrier Oil,India,,,,,Dry Hair,All Hair Types,Alps Goodness,Alps Cosmetics
Pure Origin Korean Vitamin C Bright Boosting Serum 10 ml,â¹170,â¹179,4.6,67,,All Skin Types,,,Face Serum,India,,,,,,,Pure Origin,Lotus Herbals
The Derma Co. 1% Salicylic Acid Oil-Free Moisturizer For Face with Oat Extract For Active Acne - 50 gm,â¹307,â¹349,4.2,330,Dull skin,,,,Face Moisturizer,India,,,,,,,The Derma Co,The Derma Co.
Dot & Key Night Retinol + Ceramide Night Repair Cream | Hibiscus & Pomegranate Oil | Reduces Fine Lines & Wrinkles Lift Face Moisturizer With Hyaluronic Acid & Ceramides | 60ml,â¹570,â¹695,4.3,497,,All Skin Types,,,Night Cream,India,,,,,,,Dot & Key,Dot & Key
"Simple Kind to Skin Hydrating Light Moisturiser| For all skin types  | No Added Perfume, No Harsh Chemicals, No Artificial Color, No Alcohol and No Parabens | 125 ml",â¹312,â¹465,4.4,1213,,All Skin Types,,,Face Moisturizer,India,,,,,,,Simple Kind,Unilever
"Good Vibes Orange Refreshing Face Gel | Anti-Ageing, Hydrating, DEWY, Oil free | With Papaya (100 gm)",â¹190,â¹275,4.3,15456,,,Orange,"Fights Skin Damage, Hydrating, Maintains Elasticity",Face Gel,India,"Dullness, Signs Of Ageing",,,,,,Good Vibes,Purplle.com
"Lakme Dew Drama Serum | 6% Vit B3, E, F & Pro-Ceramides for Skin Barrier & Dewy Radiance | 30 ml",â¹330,â¹575,4.6,216,,All Skin Types,Vitamin B3,,Face Serum,India,,,,,,,Lakme,Hindustan Unilever
Mamaearth Aloe Vera Gel Pure Aloe Vera & Vitamin E for Skin and Hair - 300 ml,â¹278,â¹319,4.4,3702,Dull skin,,,,Face Gel,India,,,,,,,Mamaearth ,Honasa Consumer
Mamaearth Beetroot Daily Glow Face Cream With Beetroot & Hyaluronic Acid - 80 gm | Gives Hydrated Pink Glow | Gives Instant Brightening Effect | Lightweight & Non-Greasy | Natural Glow | For All Skin Types,â¹219,â¹249,4,225,,All Skin Types,,,Face Cream,India,,,,,,,Mamaearth ,Honasa Consumer
Foxtale Vitamin C Face Serum withA L-Ascorbic Acid and Vitamin EA Brightening Serum - 30 ml,â¹494,â¹595,3.5,293,,All Skin Types,,,Face Serum,India,,,,,,,Foxtale,Foxtale
"Good Vibes Papaya Hydrating Face Cream | Moisturizing, Glow | With Green Tea | No Parabens, No Sulphates, No Mineral Oil, No Animal Testing (50 gm)",â¹186,â¹270,4.2,3804,,,"Green Tea, Papaya","Cell Repair, Even Skin Tone, Hydrates Skin, Skin Softening",Face Cream,India,,,,,,,Good Vibes,Purplle.com
"Alps Goodness 100% Natural Cold Pressed Coconut Oil (100 ml) | 100% Pure & Organic | No Parabens, No Sulphates, No Mineral Oil | For Skin & Hair",â¹149,â¹199,4.5,299,,,Coconut Oil,"Hair Growth, Hair Repair, Hydrates Skin, Skin Softening",Coconut Oil,India,Dehydrated Hair,,,,,,Alps Goodness,Alps Cosmetics
Re'equil Ceramide & Hyaluronic Acid Moisturiser For Normal To Dry Skin 100 gm,â¹266,â¹295,4.3,459,Dull skin,,,,Face Moisturizer,India,,,,,,,Reequil,
Lakme Perfect Radiance Brightening Night Cream | With Niacinamide | Boosts Glow and Brightens Skin | 50 gm,â¹341,â¹599,4.3,739,Dirt & Impurities,All Skin Types,Niacinamide,,Night Cream,India,,Retains Moisture,,,,,Lakme,Hindustan Unilever
"Minimalist Retinol 0.3% face serum with Anti-Aging Property to Reduce Fine Lines & Wrinkles, 10 ml",â¹249,,4.2,325,"Dehydrated Skin, Uneven Skin Tone",All Skin Types,Retinol,,Peeling Solution,India,,"Even Skin Tone, Hydrates Skin",,,,,Minimalist,Minimalist
"Good Vibes Coconut Brightening Face Cream | Moisturizing, Provides Glow | No Parabens, No Sulphates, No Mineral Oil, No Animal Testing (50 gm)",â¹205,â¹270,4.2,11577,,,Coconut,"Hydrates Skin, Skin Brightening, Skin Firming, Skin Soothing",Face Cream,India,Dryness,,,,,,Good Vibes,Purplle.com
"Good Vibes Anti-Blemish Glow Vitamin C Day Cream SPF 30 With Power Of Serum | Spotless, Brightening, Depigmentation (50 gm)",â¹340,â¹425,4.1,1684,,,Vitamin C,"Glowing Skin, Light Weight, Skin Brightening, Skin Softening",Day Cream,India,Dark Spots,,,,,,Good Vibes,Purplle.com
Good Vibes Skin Repair Milk Night Cream with 100% Pure Raw Goat Milk | Improved Skin Texture Every Morning| Infused with Ceramides | Suitable for Dry Skin | All Skin Types (50 gm),â¹228,â¹325,4.4,202,,,"Ceramides, Goat Milk",,Night Cream,India,,,,,,,Good Vibes,Purplle.com
Good Vibes Brightening Facial Oil - Almond (10 ml),â¹138,â¹175,4.3,8832,,,Almond,"Absorbs Quickly, Improves skin tone, Skin Brightening, Skin Lightening",Facial Oil,India,,,,,,,Good Vibes,Purplle.com
COSRX Advanced Snail 96 Mucin Power Essence - Face Serum(100 ml),â¹1450,,4.4,1126,Nourishing,All Skin Types,Hyaluronic Acid,,Face Serum,South Korea,,,,,,,COSRX ,COSRX
Good Vibes Papaya Even Skin Tone Night Cream with Power of Serum (50 gm) | Evens Skin Tone | Nourishes and Brightens the Skin Overnight | Suitable for all skin types,â¹217,â¹275,4.2,310,,,Papaya,"Cell Repair, Moisturizing, Non-Sticky, Skin Brightening",Night Cream,India,,,,,,,Good Vibes,Purplle.com
"Good Vibes Wheatgerm Nourishing Night Cream | Anti-Inflammatory, Heals Scars | With Almond Oil | No Parabens, No Sulphates, No Mineral Oil (50 gm)",â¹179,â¹275,4.2,6290,,,"Almond Oil, Wheatgerm","Boosts Collagen, Hydrates Skin, Rich In Antioxidants",Night Cream,India,Skin Redness,,,,,,Good Vibes,Purplle.com
Pilgrim 10% Niacinamide Face Serum For Acne Marks (10 Ml),â¹191,â¹225,4.6,131,,All Skin Types,,,Face Serum,India,,,,,,,Pilgrim,Pilgrim
Deconstruct Clearing Serum- 2% Alpha Arbutin + 5% Niacinamide (30 ml),â¹573,â¹699,4.3,77,"Age spots, Hyperpigmentation, Sun Tan",All Skin Types,"Alpha Arbutin, Niacinamide",,Face Serum,India,,"Fades Age Spots, Prevents Sun Tan, Reduces Hyperpigmentation",,,,,Deconstruct ,MyGlamm
"The Derma Co 2% Kojic Acid Cream | Reduces Dark Spots, Pigmentation & Blemishes | Evens Skin Tone | For Men & Women | 30 gm",â¹439,â¹499,4,920,Dull skin,,,,Face Cream,India,,,,,,,The Derma Co,The Derma Co.
"Lotus Herbals Whiteglow Skin Whitening & Brightening Nourishing Night Cream, 60 gm",â¹360,â¹480,4.3,2654,,All Skin Types,,,Night Cream,India,,,,,,,Lotus Herbals,Lotus Herbals
"LOréal Paris Glycolic Bright Glowing Night Cream, 15 ml |A Boosts Skin Glow Overnight & Visibly MinimizesSports",â¹299,â¹399,4.2,403,,All Skin Types,,,Night Cream,India,,,,,,,LOréal Paris,
"Good Vibes Glow Light Moisturiser - Vitamin C | Light weight, Oil free (50 gm)",â¹181,â¹229,4.2,851,,,Vitamin C,"Glowing Skin, Skin Softening, Smooth Skin",Face Gel Cream,India,,,,,,,Good Vibes,Purplle.com
"Good Vibes Hydrating Glow Face Gel Rosehip | Brightening, Light weight, Oil free (50 gm)",â¹149,â¹199,4.2,3603,,,Rosehip,"Glowing Skin, Hydrates Skin, Improves skin tone, Light Weight, Skin Firming",Face Gel,India,,,,,,,Good Vibes,Purplle.com
"DERMDOC by Purplle 3% Tranexamic Acid Serum (15 ml) | tranexamic for pigmentation, acne scars, dark spots | face & body brightening serum | serum for body | serum for pigmentation",â¹199,â¹300,4.1,220,,,,"Reduces Dark Spots, Treats Pigmentation",Face Serum,India,"Discoloration Due To Acne Breakouts, Hyperpigmentation",,,,,,Dermdoc,Titan Company Limited
"Foxtale Oil Free Moisturizer with Marine Algae Extract, Hyaluronic Acid, Niacinamide and Betaine, Lightweight & Non- sticky, For Oily & Acne-Prone Skin, Men & Women, 100 gm",â¹316,â¹395,4.2,94,Dull skin,,,,Face Moisturizer,India,,,,,,,Foxtale ,Foxtale
Pilgrim Alpha Arbutin & Vitamin C BrighteningA Serum with BlueberryA | For All Skin Types|Discover Bright And Radiant Skin| Reduces Pigmentation| Brightens Skin Anti - Ageing | For Men & Women (30 ml),â¹500,â¹695,4.2,846,"Reduces Pigmentation, Signs Of Ageing",All Skin Types,,,Face Serum,India,,,,,,,Pilgrim ,Pilgrim
Good Vibes De Tan Glow Ubtan Face Serum 30ml,â¹352,â¹475,4.2,1383,,,Ubtan,"Light Weight, Non-Sticky, Skin Brightening, Skin Lightening",Face Serum,India,De-Tan,,,,,,Good Vibes,Purplle.com
Aqualogica Barrier+ Hydra Gel Moisturizer with 5 Ceramides & Avocado - 200 gm 24-Hour Intense Hydration | Weightless Water-Like Gel Texture | Non Sticky & Quick Absrobing for Healthy Skin Barrier I For Dry & Sensitive Skin I Men & Women,â¹327,â¹399,4.6,81,"Dull skin, Uneven Skin Tone Texture",,,,Skin Care Kit,India,,,,,,,Aqualogica,Honasa Consumer
Garnier Skin Naturals Wrinkle Lift Anti Agening cream Moisturizing & Smoothning (40 gm),â¹230,â¹329,4.3,887,Dull skin,,,,Face Cream,India,,,,,,,Garnier,L'Oréal
Re'equil 0.1% Retinol Night Cream For Wrinkles & Skin Tightening 30 gm,â¹356,â¹395,3.8,81,"Uneven Skin Tone, Wrinkles",All Skin Types,,,Night Cream,India,,,,,,,Re'equil,Re'equil
Pilgrim Squalane Glow Moisturizer For Face With Niacinamide & Vitamin C | Vitamin C For Brightens Skin & Hydrating Skin (50 gm),â¹396,â¹550,4.4,917,"Dull skin, Fine Lines, Wrinkles",,,,Face Moisturizer,India,,,,,,,Pilgrim ,Pilgrim
The Derma Co. 5% Niacinamide Daily Face Serum with Alpha Arbutin & Multivitamin For Clear & Spotless Skin - 30 ml,â¹429,â¹499,4.1,151,,All Skin Types,,,Face Serum,India,,,,,,,The Derma Co,The Derma Co.
Lakme Absolute Perfect Radiance Skin Brightening Day Creme (28 gm),â¹205,â¹260,4.1,325,,All Skin Types,,,Day Cream,India,,,,,,,Lakme,Hindustan Unilever
"Good Vibes Tea Tree & Papaya Oil Control Face Serum | Free 50% Product Extra | Even Skin Tone, Brightening | With Castor Oil | No Parabens, No Sulphates, No Mineral Oil (15 ml)",â¹185,â¹250,4.2,5887,,,Tea Tree,,Face Serum,India,,,,,,,Good Vibes,Purplle.com
"Dot & Key CICA Calming Skin Renewing Night Gel | Night Cream with Niacinamide, Green Tea, Hyaluronic & Tea Tree Oil | For Acne, Dark Spot & Pigmentation, Oily, Acne Prone And Sensitive Skin | 60ml",â¹426,â¹495,4.3,748,,Sensitive Skin,,,Night Gel,India,,,,,,,Dot & Key,Dot & Key
"WOW Skin Science Aloe Vera Gel for Face, Skin and Hair - for Both Men and Women ( NO Parabens, Mineral Oils, Silicones, Color & Synthetic Fragrances ) - 150 ml",â¹281,â¹299,4.4,4274,"Rough Skin, Skin Dryness",,Citric Acid,"Anti-Dandruff, Hydrating",Aloe Vera Gel,India,,,,,"Frizzy Hair, Rough Hair",All Hair Types,WOW Skin Science,Fit & Glow Healthcare
Dot & Key Watermelon Fresh Matte Moisturizer with Watermelon Extracts | peach & Glycolic 60 ml,â¹426,â¹495,4.5,436,,Combination Skin,,,Face Moisturizer,India,,,,,,,Dot & Key,Dot & Key
Plum Green Tea Oil-Free Moisturizer With Niacinamide & Hyaluronic Acid - Non-sticky Daily Hydration 50 ml,â¹409,â¹470,4.3,1176,Dull skin,,,,Face Moisturizer,India,,,,,,,Plum,Plum Goodness
"The Derma Co. Pore Minimizing Face Serum with 4% Niacinamide, 5% PHA and p-REFINYLÂ® For Open Pores- 30 ml",â¹515,â¹599,3.9,223,,All Skin Types,,,Face Serum,India,,,,,,,The Derma Co,The Derma Co.
Good Vibes Papaya Even Skin Tone Face Gel 50 gm,â¹141,â¹199,4.3,4202,,,Papaya,"Hydrates Skin, Improves Skin Texture, Light Weight, Skin Brightening",Face Gel Cream,India,Uneven Skin Tone,,,,,,Good Vibes,Purplle.com
"The Derma Co. Oil-Free Daily Face Moisturizer With Hyaluronic Acid, Ceramides & Multivitamins for Non-Greasy & Hydrated Skin - 100 gm",â¹307,â¹349,4.1,155,Dull skin,,,,Face Moisturizer,India,,,,,,,The Derma Co,The Derma Co.
Dot & Key CICA & CACTUS + 2% Salicylic + ZINC Skin Clearing Face Serum for Acne & Oil Control 20 ml,â¹339,â¹399,4.2,233,"Acne, Blackheads",All Skin Types,,,Face Serum,India,,,,,,,Dot & Key,Dot & Key
Aqualogica Glow+ Oil Free Moisturizer with Papaya & Vitamin C for Glowing Skin - 100 gm,â¹339,â¹399,4.3,334,"Oily Skin, Skin Texture",Oily Skin,,,Face Moisturizer,India,,,,,,,Aqualogica,Honasa Consumer
Nature's Essence Moisturising Aloe Beauty Gel (100 gm),â¹110,,4.3,1032,Lack Of Moisture,All Skin Types,Aloe Vera,,Face Gel,India,,Retains Moisture,,,,,Natures Essence,
Garnier Skin Naturals Bright Complete VITAMIN C + LEMON ESSENCE YOGHURT Night Cream - 40 gm,â¹169,â¹225,4.2,690,Nourishing,All Skin Types,Vitamin C,,Night Cream,India,,,,,,,Garnier,L'Oréal
Biotique Morning Nectar Visibly Flawless Skin Moisturizer (120 ml),â¹169,â¹220,4.7,25,"Damaged Skin, Dull skin, Fine Lines",All Skin Types,"Aloe Vera, Honey, Methi, Wheat Germ Oil, Wheatgerm",,Face Moisturizer,India,,"Anti-Aging, Light Weight Formula, Moisturizing, Nourishing, Skin Brightening","Ayurvedic, Cruelty Free, Dermatologically Tested, Organic, Paraben Free, Preservative Free, Vegan",,,,Biotique,Biotique
"Good Vibes Anti Blemish Glow gel Creme Vitamin C | Spotless glow, Brightening, Depigmentation, Oil free (80 gm)",â¹292,â¹449,4.1,2222,,,,"Glowing Skin, Skin Brightening",Face Gel Cream,India,,,,,,,Good Vibes,Purplle.com
"Mamaearth Milky Soft Face Cream With Milk Protein & Murumuru Butter for Babies, 60 gm",â¹175,â¹199,4.4,914,Dull skin,,,,Face Cream,India,,,,,,,Mamaearth ,Honasa Consumer
"Dot & Key Strawberry Dew Do-It-All Moisturizer with Niacinamide, Peptides & Hyaluronic Acid, Non-sticky, Brightens Skin, Intense Moisturization, Non-Comedogenic & Fragrance Free, Lightweight- 80 gm",â¹347,â¹399,4.5,47,Dull skin,,,,Face Moisturizer,India,,,,,,,Dot & Key,Dot & Key
Biotique Saffron Youth Anti-Ageing Cream 175gm,â¹487,â¹780,4.3,870,"Dull skin, Skin Dryness, Uneven Skin Tone",,"Almond Oil, Saffron",,Face Cream,India,,"Evens Skin Tone, Skin Glowing, Skin Softening",,,,,Biotique,Biotique
"Ponds Youthful Miracle Hexyl Retinol Complex, Renew & Repair Day Cream 12 gm SPF 15 PA++",â¹128,â¹135,4.2,383,Dull skin,,,,Day Cream,India,,,,,,,Pond's,Unilever
"Garnier Bright Complete Night Vitamin C Serum With 10% Pure Vitamin C for Bright Skin, 15 ml",â¹247,â¹329,4.1,125,"Reduces Pigmentation, Sensitive Skin",All Skin Types,,,Face Serum,Indonesia,,,,,,,Garnier,L'Oréal
"Ponds Hydra Miracle Super Light Gel with Hyaluronic Acid & Vitamin C - Non-Sticky, Non-Oily Refreshing Gel, For All Skin Types, Brightens Skin - 100 gm",â¹243,â¹312,No rating,No reviews,Lack Of Moisture,All Skin Types,Vitamin C,,Face Moisturizer,India,,Retains Moisture,,,,,Pond's,Unilever
Foxtale 0.15% Retinol Night Serum | Anti-Aging Night Cream | Reduces Fine Lines and Wrinkles | No Purging | For Younger-looking Skin | Men & Women | All Skin Types - 10 ml,â¹237,â¹249,4.2,93,"Fine Lines, Wrinkles",All Skin Types,,,Night Serum,India,,,,,,,Foxtale,Foxtale
Good Vibes Aloe Mucilage Hydrating Serum | 48-Hour Deep Hydration | Soft & Moisturized Skin | Natural Mucin Alternative for Healthy Skin | Reduces Signs of Aging | Perfect for Skin & Hair | 50 ml,â¹379,â¹399,4.6,22,Lack Of Moisture,All Skin Types,Aloe Extract,,Serum,India,,Retains Moisture,,,,,Good Vibes,Purplle.com
Foxtale The Milky Way Rapid Spot Reduction Drops - 30 ml,â¹488,â¹595,3.9,101,"blemishes, Reduces Pigmentation",All Skin Types,,,Face Serum,India,,,,,,,Foxtale ,Foxtale
DERMATOUCH Kojic Acid 2% Serum | Best For Hyperpigmentation & Uneven Skin Tone | For Both Men & Women | 18 ml,â¹281,â¹330,4.4,191,,All Skin Types,,,Face Serum,India,,,,,,,DERMATOUCH,Curatio Healthcare
The Derma Co. Sali-Cinamide Anti-Acne Serum with 2% Salicylic Acid & 5% Niacinamide For Acne & Acne Marks - 30 ml,â¹515,â¹599,4.1,133,,All Skin Types,,,Face Serum,India,,,,,,,The Derma Co,The Derma Co.
"Plum 5% Niacinamide Face Serum With Amino Acid - Fades Blemishes & Brightens Skin, Beginner-Friendly 30 ml",â¹521,â¹599,4.3,159,,All Skin Types,,,Face Serum,India,,,,,,,Plum,Plum Goodness
The Derma Co. Ceramide + HA Intense Daily Face Moisturizer with Ceramides & Hyaluronic Acid For Dry Skin - 50 gm,â¹307,â¹349,4.2,490,,Dry Skin,,,Face Moisturizer,India,,,,,,,The Derma Co,The Derma Co.
Mamaearth Beetroot Hydraful Light Moisturizing Cream 200 gm,â¹339,â¹399,4.2,30,Dull skin,,,,Face Moisturizer,India,,,,,,,Mamaearth ,Honasa Consumer
Biotique Wheatgerm Anti-Ageing Night Cream 50 gm,â¹257,â¹399,4.3,114,,All Skin Types,,,Night Cream,India,,,,,,,Biotique,Biotique
Neutrogena Hydro Boost Water Gel (50 ml),â¹1035,â¹1150,4.3,460,"Dehydrated Skin, Dull skin",,"Glycerin, Hyaluronic Acid, prebiotics",,Face Gel,India,,"Hydrates Skin, Light Weight Formula, Plumping Skin","Hypoallergenic, Non-Comedogenic, Oil Free",,,,Neutrogena,Johnson & Johnson
Biotique Dandelion Youth Anti-Ageing Serum (40 ml),â¹214,â¹330,4.2,3741,,,,,Face Serum,India,,,,,,,Biotique,Biotique
Mamaearth Coco Soft Face Cream With Coconut Milk & Turmeric For Babies - 60 gm,â¹175,â¹199,4.6,200,Dull skin,,,,Face Cream,India,,,,,,,Mamaearth ,Honasa Consumer
Mamaearth Beetroot Hydraful Moisturizer With Beetroot & Hyaluronic Acid For Hydrated Pink Glow - 50 ml,â¹300,â¹349,4.3,587,"Dull skin, Lack Of Moisture, Nourishing",,,,Face Moisturizer,India,,,,,,,Mamaearth ,Honasa Consumer
Lakme Glycolic Illuminate Serum with 1% Glycolic Acid Reduces Dullness & Improves Texture | 15 ml,â¹295,â¹399,4.8,168,,All Skin Types,,,Skin Care Kit,India,,,,,,,Lakme,Hindustan Unilever
"Minimalist 5% Niacinamide Face Serum With bifida ferment +oat extract + hyaluronic acid, clears, heals & soothes skin, 30 ml",â¹569,â¹599,4.2,442,,Sensitive Skin,,,Face Serum,India,,,,,,,Minimalist,Minimalist
"WishCare Super Bright C16 Vitamin C Face Serum - Niacinamide, Kojic Acid & 4-n-BR - For Pigmentation - 30 ml",â¹601,â¹699,4.6,49,"Dark Spots, Reduces Pigmentation",All Skin Types,,,Face Serum,India,,,,,,,WishCare,WishCare
FoxTale Ceramide Moisturizer for Face - 50 ml,â¹356,â¹445,4.1,172,"Dull skin, Lack Of Moisture, Nourishing",,,,Face Moisturizer,India,,,,,,,Foxtale,Foxtale
"Minimalist 0.3% Retinol face Serum with coenzyme q10 + Bakuchiol oil + squalance, Reduces fine lines & Wrinkles for all skin types, 30 ml",â¹569,â¹599,4.2,313,"Nourishing, Rich in Antioxidants",All Skin Types,,,Face Serum,India,,,,,,,Minimalist,Minimalist
Lakme Lumi Smooth AHA+BHA+PHA+B3 cream 50 gm,â¹245,â¹375,4.6,207,,,,,Face Cream,India,,,,,,,Lakme,Hindustan Unilever
Cetaphil Bright Healthy Radiance Night Cream (50 ml),â¹1055,â¹1199,3.9,249,"Dark Spots, Glowing Skin",All Skin Types,,,Night Cream,India,,,,,,,Cetaphil,Galderma
Nivea Creme (60 ml),â¹133,â¹140,4.4,1517,Dull skin,,,,Face Cream,India,,,,,,,Nivea ,Beiersdorf
"Ponds Sun Miracle SPF 50 PA++ Sunscreen Serum | Protect & Bright, With Niacinamide | 14 ml",â¹161,â¹299,4.4,164,,All Skin Types,,,Face Serum,India,,,,,,,Pond's,Unilever
Dot & Key Pomegranate & Peptide youth Restore Moisturizer SPF 30 | Reduces Fine Lines & Wrinkles | Face Moisturizer for Normal to Dry Skin | 60 ml,â¹426,â¹495,4,94,"Dull skin, Fine Lines, Wrinkles",,,,Face Moisturizer,India,,,,,,,Dot & Key,Dot & Key
"Good Vibes Ubtan De-Tan Face Serum | Even skin tone, Brightening, Youthful skin (30 ml)",â¹309,â¹475,4.2,40,,,Vitamin C,"Cell Repair, Improves Skin Elasticity, Skin Brightening",Face Serum,India,,,,,,,Good Vibes,Purplle.com
Dr. Sheth's Ceramide & Vitamin C Moisturizing Cream | 48hr Deep Hydration | Brightens & Strengthens Barrier | For Dry to Very Dry Skin | Non Sticky | Biomimetic Ingredients | For Men & Women |50 gm,â¹286,â¹349,3.9,18,"Dry Skin, Dull skin","Dry Skin, Dull Skin",Vitamin C,,Face Cream,India,,"Dull Skin, Skin Brightening",,,,,Dr. Sheth's,Dr. Sheth's
LOréal Paris Revitalift Hyaluronic Acid Line Filling Water Cream (50 ml) | Face Cream for Hydrated and Radiant Skin,â¹649,â¹999,4.3,438,,All Skin Types,,,Day Cream,PRC,,,,,,,LOréal Paris,
Dr. Sheth's Kesar & Kojic Acid Serum - 30 ml,â¹379,â¹499,4.2,52,"Dark Spots, Reduces Pigmentation",All Skin Types,,,Face Serum,India,,,,,,,Dr. Sheth's,Dr. Sheth's
Dot & Key Watermelon + 10% Glycolic Gentle Exfoliating Face Serum with Kojic Acid | Watermelon Face Serum with PHA & Cloudberry Oil 20 ml,â¹383,â¹450,4.2,270,"Dark Spots, Pores",All Skin Types,,,Face Serum,India,,,,,,,Dot & Key,Dot & Key
Pilgrim Retinol Night Cream with Hyaluronic Acid & Vitamin C for youthful & rejuvenated skin - 50 gm,â¹488,â¹650,4.4,370,,All Skin Types,,,Night Cream,India,,,,,,,Pilgrim ,Pilgrim
"The Derma Co. Snail Peptide 96 Hydrating Serum with Niacinamide & Peptide Complex for Smooth & Moisturized Skin | Snail Mucin Serum | Dull Skin & Fine Lines, Korean Skincare - 30 ml",â¹351,â¹399,4.5,42,"blemishes, Scars",All Skin Types,,,Face Serum,India,,,,,,,The Derma Co,The Derma Co.
"Dot & Key 10% Niacinamide Cica Face Serum With alpha arbutin For Dark Spots & Acne Scars, 30 ml",â¹479,â¹599,4.2,280,"Dark Spots, Scars",All Skin Types,,,Face Serum,India,,,,,,,Dot & Key,Dot & Key
Dr. Sheth's Haldi & Hyaluronic Acid Oil-Free Moisturizer - 50 gm,â¹286,â¹349,3.9,123,Dull skin,,,,Face Moisturizer,India,,,,,,,Dr. Sheth's,Dr. Sheth's
"Alps Goodness Ubtan & Alpha Arbutin Radiance Day Cream (50 gm) | Moisturizer for Face| For All Skin Type | Perfect for Skin Glow | Paraben, Sulphate, Silicone, Mineral Oil Free | Vegan | Lightweight moisturizer| Tan removal| De tan",â¹174,â¹260,4,1024,,,"Alpha Arbutin, Ubtan","De-Tan, Lighten Complexion, Nourishes Skin",Day Cream,India,"Dark Spots, Uneven Skin Tone",,,,,,Alps Goodness,Alps Cosmetics
The Derma Co. Pore Minimizing Daily Face Moisturizer with 3% Niacinamide 3% PHA and p-REFINYLAÂ® for Open Pores - 50 gm,â¹307,â¹349,4,122,,Dry & Dehydrated Skin,,,Face Moisturizer,India,,,,,,,The Derma Co,The Derma Co.
"Pilgrim Red Vine Face Cream SPF 30 with Vitamin C & Rosehip Oil | Firm & Radiant Skin, Sun Protection PA+++, Daily Use, Men & Women (50 gm)",â¹440,â¹550,4.4,693,Dull skin,,,,Face Cream,India,,,,,,,Pilgrim ,Pilgrim
"Good Vibes Rosehip Hydrating glow night cream | Nourshing, Skin renewing, Sleep treatment (80 gm)",â¹324,â¹499,4.1,619,,,Ubtan,"Glowing Skin, Hydrates Skin",Night Cream,India,,,,,,,Good Vibes,Purplle.com
Aqualogica Illuminate+ Oil Free Moisturizer with Wild Berries & Alpha Arbutin for Luminous Glow - 100 gm,â¹339,â¹399,4.2,254,Dull skin,,,,Face Moisturizer,India,,,,,,,Aqualogica,Honasa Consumer
Pilgrim 99% Aloe Vera Gel 200 gm,â¹220,â¹275,4.5,211,Dull skin,,,,Face Gel,India,,,,,,,Pilgrim,Pilgrim
Lakme Vitamin C Brilliance Day Cream with Vitamin C | For Healthy & Glowing skin | 50 gm,â¹274,â¹449,4.2,455,,All Skin Types,,,Day Cream,India,,,,,,,Lakme,Hindustan Unilever
"DERMATOUCH Salicylic Acid 2% Niacinamide 6% Anti-Acne Oil-Free Gel For Active Acne, Oil Balancing, Pore tightening - 30 gms",â¹254,â¹299,4.2,89,"Dull skin, Pimples, Redness",,,,Face Gel,India,,,,,,,DERMATOUCH ,Curatio Healthcare
"Lakme Peach Milk Vit E Gel Moisturizer, Lightweight Gel to Hydrate Skin | With Vitamin E -200 gm",â¹280,â¹535,4.7,140,Dull skin,,,,Face Gel Cream,India,,,,,,,Lakme,Hindustan Unilever
"DERMDOC by Purplle 2% Alpha Arbutin Face Serum (15 ml) | alpha arbutin for acne scars, dark spots on face | glow serum",â¹237,â¹325,4.2,544,,,,"Absorbs Quickly, Brightens Complexion, Light Weight, Lightens Dark Spots Over Time, Non-Greasy",Face Serum,India,,,,,,,Dermdoc,Titan Company Limited
"Good Vibes Tea Tree Oil Control Light Gel Creme | Anti-Acne, Hydrating, Moisturizing | No Parabens, No Sulphates, No Mineral Oil (50 gm)",â¹199,â¹270,4.3,792,,,Tea Tree,"Antibacterial, Controls excess sebum, Moisturizing, Purifying",Face Gel Cream,India,Acne,,,,,,Good Vibes,Purplle.com
Deconstruct Brightening Serum - 10% Niacinamide + 0.3% Alpha Arbutin - (30 ml),â¹573,â¹699,3.9,64,"Dark Spots, Hyperpigmentation, Sun Tan",All Skin Types,"Alpha Arbutin, Niacinamide",,Face Serum,India,,"Prevents Sun Tan, Reduces Dark Spots, Reduces Hyperpigmentation",,,,,Deconstruct ,MyGlamm
"Pilgrim 2% Kojic Acid Serum, 30 ml for face with 1% Alpha Arbutin & Korean White Lotus For Acne & Darks spots| Anti-pigmentation Face Serum For Men & Women | For All Skin Types",â¹386,â¹495,4.7,82,,All Skin Types,,,Face Serum,India,,,,,,,Pilgrim,Pilgrim
Ponds Hydra Miracle hyaluronic acid complex 2% Serum | 14 ml,â¹183,â¹299,4.5,38,,All Skin Types,,,Face Serum,India,,,,,,,Pond's,Unilever
"The Face Shop Rice & Ceramide Moisturizing Emulsion (Mini), 70 ml",â¹479,â¹599,4.4,389,Dull skin,,,,Face Emulsion,South Korea,,,,,,,The Face Shop,LG Household & Health Care
Mamaearth Ubtan Oil-Free Face Moisturizer with Turmeric & Saffron for Skin Brightening - 80 gm,â¹274,â¹319,4.3,274,Dull skin,,,,Skin Care Kit,India,,,,,,,Mamaearth ,Honasa Consumer
Mamaearth Vitamin C Oil-Free Moisturizer For Face with Vitamin C and Gotu Kola for Skin Illumination -80 gmm,â¹274,â¹319,4.2,462,Dull skin,,,,Skin Care Kit,India,,,,,,,Mamaearth ,Honasa Consumer
Alps Goodness 100 % Pure Shea Butter (40 gm) | Raw Shea Butter | 100% Pure | Natural Mositurizer | Heals dry skin,â¹163,â¹250,4.2,280,Dull skin,"All Skin Types, Dull Skin",Shea Butter,"Glowing Skin, Hydrates Skin, Skin Softening",Shea Butter,India,"Chapped Lips, Dry Lips",,,,,,Alps Goodness,Alps Cosmetics
"Good Vibes 100% Pure Tea Tree Essential Oil | Anti-Acne, Helps Clears Pimples | No Synthetics, 100% Natural, 100% Vegetarian (10 ml)",â¹217,â¹275,4.2,3558,,,Tea Tree,"Absorbs Quickly, Anti-Acne, Hydrates Skin, Hydrating",Tea Tree Oil,India,,,,,,,Good Vibes,Purplle.com
"Pilgrim Salicylic Acid & Niacinamide Oil Control Serum, 30 ml",â¹386,â¹495,4.4,357,"Pores, Wrinkles",All Skin Types,,,Face Serum,India,,,,,,,Pilgrim ,Pilgrim
Alps Goodness Pure Essential Oil - Lavender (10 ml),â¹107,â¹165,4.2,2759,,,Lavender,"Detoxifies Skin, Hair Repair, Improves skin tone",Lavender Oil,India,Tanned Skin,,,,,,Alps Goodness,Alps Cosmetics
"Mamaearth Rice Dewy Bright Light Moisturizing Cream with Rice Water & Niacinamide for Glass-Skin 200 gm |For Face, Hands & Body | 24H Long-lasting Moisturization | Non-Greasy Quick Absorbing, All SkinTypes",â¹347,â¹399,4.4,9,,All Skin Types,,,Moisturizing Cream,India,,,,,,,Mamaearth,Honasa Consumer
"Ponds Hydra Miracle Super Light Gel with Hyaluronic Acid & Salicylic - Non-Sticky, Non-Oily Refreshing Gel, For All Skin Types, Reduces pores and acne - 100 gm",â¹250,â¹312,No rating,No reviews,Lack Of Moisture,All Skin Types,Hyaluronic Acid,,Face Moisturizer,India,,Retains Moisture,,,,,Pond's,Unilever
"Minimalist 2% Hyaluronic Acid + PGA Face Serum With Aquaporin Booster + Copper + Biosaccharide, 30 ml",â¹569,â¹599,4.4,291,,All Skin Types,,,Face Serum,India,,,,,,,Minimalist,Minimalist
"LOréal Paris Revitalift Anti-Wrinkles + Radiance Moisturizing Cream Day SPF 35 PA++, 50 ml",â¹682,â¹1049,4.5,237,"Oil Control, Wrinkles",All Skin Types,Retinol,,Day Cream,Indonesia,,,,,,,LOréal Paris,
DERMATOUCH Bye Bye Pigmentation  Cream || Pigmentation Cream for Women/Men with Lime Pearl & B-White - 20G,â¹468,â¹550,4.1,108,"Dark Spots, Dull skin, Reduces Pigmentation",,,,Face Cream,India,,,,,,,DERMATOUCH,Curatio Healthcare
"Dot & Key Watermelon Cooling Icy Gel Moisturizer, Instantly Cools Skin, With Hyaluronic & Niacinamide 60 gm",â¹426,â¹495,No rating,No reviews,Tired Skin,All Skin Types,Watermelon,,Face Moisturizer,India,,"Hydrates Skin, Tired Skin",,,,,Dot & Key,Dot & Key
The Derma Co. Sali-Cinamide Anti-Acne Face Serum with 2% Salicylic Acid & 5% Niacinamide for Acne & Acne Marks - 10 ml,â¹321,â¹349,3.8,11,,All Skin Types,,,Face Serum,India,,,,,,,The Derma Co,The Derma Co.
Lakme Glycolic Illuminate Day Cream | With Glycolic Acid for Radiant & Even Tone Skin | 50 gm,â¹465,â¹749,4.6,139,,,,,Day Cream,India,,,,,,,Lakme,Hindustan Unilever
Dr. Sheth's Cica & Ceramide Oil-Free Moisturizer - 50 gm,â¹286,â¹349,4.4,40,Dull skin,,,,Face Moisturizer,India,,,,,,,Dr. Sheth's,Dr. Sheth's
Mamaearth Tea Tree Oil-Free Face Moisturizer with Tea Tree and Salicylic Acid for Acne and Pimples - 80 gm,â¹274,â¹319,4.3,320,Dull skin,,,,Face Moisturizer,India,,,,,,,Mamaearth,Honasa Consumer
Lacto Calamine Face Lotion Kaolin Clay With Aloe Vera  For Combonation to Normal Skin(60 ml),â¹165,,4.2,181,Dull skin,,Aloe Vera,,Face Lotion,India,,,,,,,Lacto Calamine,Piramal Consumer Products
